88,141,146,157,consider
178,142,236,157,llowing
412,142,486,157,conclusions
331,143,397,157,discussion
148,143,175,157,the
243,144,276,158,parts
296,144,329,158,vour
278,145,301,158,oft
685,182,729,196,what
729,182,768,196,these
769,182,799,196,wali
460,182,522,197,achieved
795,182,853,197,writtent
612,183,655,196,object
554,183,610,197,learning
519,183,555,196,your
393,183,426,196,have
108,183,156,196,discuss
195,183,247,197,learning
352,183,383,195,work
160,183,189,197,your
643,183,688,195,ctivest
429,184,458,196,you
251,184,286,196,coals
288,184,318,196,and
319,184,352,196,vour
106,201,163,218,discusst
161,202,182,218,he
382,203,437,219,previous
251,203,285,218,hame
286,203,338,218,chosen
340,203,377,218,what
552,204,616,217,deepened
1293,204,1355,218,leamedy
720,204,744,218,did
809,204,843,218,with
746,204,773,218,this
630,204,664,217,nhat
773,204,809,218,have
670,204,716,218,overlap
439,204,485,218,course
879,204,935,218,courses
488,204,520,218,have
217,204,250,218,yoy
187,204,221,218,toplcs
1080,205,1109,217,villi
995,205,1018,217,feei
1106,205,1156,218,benefit
1356,205,1389,217,htat
1156,205,1192,218,from
525,205,552,218,vout
841,205,881,217,other
1458,205,1510,218,leaned
941,205,965,219,dq
1260,206,1291,217,harp
1025,206,1050,217,hat
965,206,994,218,vou
1227,206,1256,218,yoy
1395,206,1424,217,harp
1193,206,1228,218,what
1426,206,1455,219,you
1054,207,1083,219,yout
240,225,277,241,from
375,225,419,241,latery
193,226,238,241,benefit
301,226,346,243,torking
105,226,139,241,that
353,226,374,242,iife
133,227,162,243,you
163,227,187,240,will
774,247,816,263,whato
705,247,770,264,materials
288,247,317,264,did
550,247,583,264,was
918,248,971,264,skipped
1047,248,1113,264,materials
481,248,550,264,tmateriall
623,248,654,264,right
103,248,157,264,discuss
850,248,880,265,you
1266,248,1312,264,missed
592,248,619,265,the
346,250,396,264,choose
433,250,483,264,acourse
396,250,442,264,good
968,250,1019,265,samong
1365,250,1393,264,ther
1186,250,1234,264,things
881,250,916,265,have
657,250,693,264,level
1112,250,1147,263,vlere
813,250,849,264,could
1312,250,1363,265,among
1386,250,1455,264,materiali
231,250,288,263,material
1151,250,1191,265,there
1234,250,1262,264,pou
321,250,350,264,you
1023,250,1053,264,thei
186,250,231,263,course
158,250,182,263,the
319,270,360,286,would
1378,270,1448,287,something
852,270,880,285,was
821,270,849,285,did7
1215,270,1238,287,did
1151,270,1210,286,materials
263,270,312,286,project
141,270,176,286,back
105,270,139,285,look
221,271,261,286,whole
541,271,601,287,undergo
395,271,472,287,recommend
898,271,948,286,difficult
667,271,720,286,learning
479,271,523,286,others
968,271,1020,287,choose
1322,271,1372,287,choose
191,271,219,285,the
1449,272,1479,286,else
1479,272,1506,286,like
789,272,817,286,yvou
1099,272,1144,286,cousse
599,272,627,286,the
364,272,394,286,vow
1241,272,1269,286,yoy
1072,272,1103,286,and
724,272,775,287,project
627,272,662,285,same
1270,272,1307,286,want
769,272,799,288,asy
947,272,976,287,toc
1040,273,1075,286,arear
1019,273,1047,287,ana
520,273,546,287,tol
152,293,227,310,retrospectl
108,293,131,308,this
368,332,483,346,zozzolibate
178,333,260,346,submission
87,333,152,346,deadline
314,333,365,347,report
282,333,313,346,firal
149,333,181,347,for
245,333,284,347,nott
